Necesidad / hallazgo,HU / aceptación,Prioridad / puntos,Sprint Goal,Modelo / Vista / Controlador,Rama / PR / cambios,Servicio Docker,Prueba / resultado,Evidencia
"INC-BP-01
BP-01","HU-BP-01
200 + id ACCEPTED","Must
2 pt","SPR-BP-01
Pago válido sin duplicar","MVC-BP-01
PaymentService / PaymentRepository / Payment; pagos recientes / createPayment(); PaymentController","docs/value-recovery-bp
Pendiente de apertura
Cambios: R1, R2, R3",console + payments-api + mariadb,"T-BP-01
Pendiente de ejecutar",sprint1.json: pendiente de ejecutar
"INC-BP-01
BP-02","HU-BP-02
400 sin pago inválido","Must
1 pt","SPR-BP-01
Pago válido sin duplicar","MVC-BP-01
PaymentService / PaymentRepository / Payment; pagos recientes / createPayment(); PaymentController","docs/value-recovery-bp
Pendiente de apertura
Cambios: R1, R2, R3",console + payments-api + mariadb,"T-BP-02
Pendiente de ejecutar",sprint1.json: pendiente de ejecutar
"INC-BP-01
BP-03","HU-BP-03
200 mismo id y un registro","Must
2 pt","SPR-BP-01
Pago válido sin duplicar","MVC-BP-01
PaymentService / PaymentRepository / Payment; pagos recientes / createPayment(); PaymentController","docs/value-recovery-bp
Pendiente de apertura
Cambios: R1, R2, R3",console + payments-api + mariadb,"T-BP-03
Pendiente de ejecutar",sprint1.json: pendiente de ejecutar
"INC-BP-01
BP-04","HU-BP-04
200, máximo 50, orden fecha","Must
1 pt","SPR-BP-01
Pago válido sin duplicar","MVC-BP-01
PaymentService / PaymentRepository / Payment; pagos recientes / createPayment(); PaymentController","docs/value-recovery-bp
Pendiente de apertura
Cambios: R1, R2, R3",console + payments-api + mariadb,"T-BP-04
Pendiente de ejecutar",PDF inicial p. 10: consulta; prueba nueva pendiente
